Nombre,Distancia(Mpc),Velocidad(km/s),DesplazamientoAlRojo
Via Lactea,0,0,0
Andromeda,0.78,54.6,0.000182126
Triangulum,0.93,65.1,0.000217151
CentaurusA,3.8,266,0.000887282
VirgoA,16.5,1155,0.00385267
Sombrero,9.3,651,0.00217151
Remolino,8.9,623,0.00207811
OjoNegro,17.5,1225,0.00408617
Bode,12.4,868,0.00289534
Cigarro,11.5,805,0.0026852
